Identifiers,,UI Green Metrics,,,,,,The,,,,,,,,,,,,,,,,,
UNIVERSITY_ID,GLOBAL,SI,EC,WS,WR,TR,ED,OVERALL,No Proverty,Zero Hunger,Good Health and Well-Being,Qualitu Education,Gender equality,Clean water and Sanitation,Affordable and clean energy,Docent work and economic growth,"Industry, Innovation, and Infrastricture",Reducing inequalities,Sustainable cities and communities,Responsible consumption and production,Climate Action,Life below water,Life and land,"Peace, justice and strong institutions",Partnership for the goals
Bari,"6862,5",850,1275,1425,900,1400,"1012,5",70.3 - 76.1,,,66.3 - 70.6,68.4 - 74.2,63.2 - 67.8,,,,70.8 - 80.5,68.7 - 76.3,,,,,,57.7 - 62.1,44.8 - 58.0
Bari Politecnico,,,,,,,,,,,,,,,,,,,,,,,,,
Basilicata,"7787,5",1300,1625,1575,"537,5","1287,5","1462,5",,,,,,,,,,,,,,,,,,
Bergamo,6115,740,1700,1225,"347,5",1075,"1027,5",,,,,,,,,,,,,,,,,,
Bologna,"9487,5",1350,1825,1800,"912,5",1800,1800,83.7 - 89.4,,,70.7 - 76.9,78.9,63.2 - 67.8,,60.8 - 66.9,69.5 - 74.8,99.6,78.8,,,70.0,,,84.4,77.4 - 81.7
Brescia,,,,,,,,70.3 - 76.1,30.7 - 39.4,,70.7 - 76.9,68.4 - 74.2,49.9 - 56.0,31.8 - 41.6,45.7 - 52.6,62.1 - 65.3,61.8 - 70.7,79.0,43.6 - 53.0,47.5 - 60.7,29.7 - 39.3,23.4 - 41.2,35.6 - 48.4,50.4 - 57.6,44.8 - 58.0
Cagliari,7400,1075,1500,1700,725,"1112,5","1287,5",,,,,,,,,,,,,,,,,,
Calabria,,,,,,,,,,,,,,,,,,,"79,5",,,,,,
Camerino,8575,1400,1675,1550,850,"1562,5","1537,5",1.7 - 49.7,,,,1.7 - 33.3,15.3 - 38.7,,,,,,,,,,48.5 - 54.9,,2.1 - 44.7
Cassino,,,,,,,,,,,,,,,,,,,,,,,,,
Catania,,,,,,,,,,,,,,,,,,,,,,,,,
Catanzaro,,,,,,,,,,,,,,,,,,,,,,,,,
Chieti e Pescara,"6937,5",1075,1060,1550,"712,5",1400,1140,,,,,,,,,,,,,,,,,,
Ferrara,6340,880,1185,1300,675,1175,1125,,,,,,,,,,,,,,,,,,
Firenze,"8097,5",1200,1460,1575,1000,1275,"1587,5",83.7 - 89.4,57.6 - 62.4,,63.4 - 66.2,68.4 - 74.2,56.1 - 59.4,,45.7 - 52.6,62.1 - 65.3,93.8,68.7 - 76.3,53.1 - 58.6,82.9,61.3 - 69.3,,,50.4 - 57.6,70.0 - 77.3
Foggia,"3457,5",385,815,1025,135,260,"837,5",65.6 - 70.2,62.5 - 70.6,,66.3 - 70.6,68.4 - 74.2,59.5 - 63.1,,,65.4 - 69.4,,62.5 - 68.6,,,,,,57.7 - 62.1,2.1 - 44.7
Genova,7835,885,1625,1775,750,1375,1425,,,,,,,,,,,,,,,,,,
Insubria,3980,875,610,250,20,"687,5","1537,5",65.6 - 70.2,,,,68.4 - 74.2,49.9 - 56.0,,,62.1 - 65.3,70.8 - 80.5,68.7 - 76.3,43.6 - 53.0,,,,,50.4 - 57.6,63.3 - 69.9
L'Aquila,8950,1275,1800,1700,"937,5",1525,"1712,5",79.4 - 83.6,,,70.7 - 76.9,68.4 - 74.2,59.5 - 63.1,,,69.5 - 74.8,80.7 - 92.3,68.7 - 76.3,,,54.1 - 61.2,,,,70.0 - 77.3
Macerata,5285,685,1350,1000,300,825,1125,,,,,,,,,,,,,,,,,,
Marche Politecnica,8625,1325,1850,1375,"912,5","1412,5",1750,65.6 - 70.2,,,57.2 - 63.3,,49.9 - 56.0,56.5 - 64.3,56.8 - 60.7,,80.7 - 92.3,57.3 - 62-4,,47.5 - 60.7,48.4 - 53.9,57.3 - 69.4,,41.7 - 50.3,70.0 - 77.3
Messina,,,,,,,,,,,80.4,,,,,,,,,,,,,,
Milano,"8037,5",1125,1475,1800,800,1550,"1287,5",60.9 - 65.5,,,57.2 - 63.3,,44.3 - 49.8,,,,,,,60.8 - 66.4,,,,,58.1 - 63.2
Milano Bicocca,8575,1100,1525,1700,900,"1662,5","1687,5",,,,,,,,,,,,,,,,,,
Milano Politecnico,"8647,5",960,1600,1775,"937,5",1725,1650,83.7 - 89.4,,37.2 - 48.5,,56.3 - 61.8,59.5 - 63.1,41.7 - 51.3,56.8 - 60.7,69.5 - 74.8,99.8,82.4,58.8 - 65.2,74.0 - 82.3,,,,50.4 - 57.6,70.0 - 77.3
Modena e Reggio Emilia,"6662,5",900,1300,1550,350,1400,"1162,5",,,,,,,,,,,,,,,,,,
Molise,,,,,,,,,,,,,,,,,,,,,,,,,
Napoli Federico II,,,,,,,,,,,,,,,,,,,,,,,,,
Napoli L'Orientale,,,,,,,,,,,,,,,,,,,,,,,,,
Napoli Parthenope,,,,,,,,,,,,,,,,,,,,,,,,,
Napoli Vanvitelli,,,,,,,,,,,,,,,,,,,,,,,,,
Padova,"8162,5",1025,1725,1775,"937,5",1225,1475,83.7 - 89.4,,,84.1,68.4 - 74.2,73.7,,,69.5 - 74.8,80.7 - 92.3,,80.8,,,,,,70.0 - 77.3
Palermo,,,,,,,,,,,,,,,,,,,,,,,,,
Parma,7200,900,1500,1450,550,1275,1525,65.6 - 70.2,,,70.7 - 76.9,61.9 - 64.7,56.1 - 59.4,,37.8 - 45.6,,61.8 - 70.7,68.7 - 76.3,43.6 - 53.0,47.5 - 60.7,48.4 - 53.9,,,57.7 - 62.1,44.8 - 58.0
Pavia,,,,,,,,70.3 - 76.1,53.0 - 57.4,37.2 - 48.5,66.3 - 70.6,33.4 - 46.2,59.5 - 63.1,41.7 - 51.3,60.8 - 66.9,54.8 - 62.0,80.7 - 92.3,,,60.8 - 66.4,54.1 - 61.2,48.1 - 57.0,48.5 - 54.9,57.7 - 62.1,63.3 - 69.9
Perugia,,,,,,,,,,,,,,,,,,,,,,,,,
Perugia Stranieri,,,,,,,,,,,,,,,,,,,,,,,,,
Piemonte Orientale,6460,785,1525,1050,625,"1212,5","1262,5",,,,,,,,,,,,,,,,,,
Pisa,,,,,,,,76.2 - 79.3,,,63.4 - 66.2,56.3 - 61.8,59.5 - 63.1,,45.7 - 52.6,69.5 - 74.8,70.8 - 80.5,68.7 - 76.3,"65,4 - 76.7",,,48.1 - 57.0,,,77.4 - 81.7
Reggio Calabria,,,,,,,,,,,,,,,,,,,,,,,,,
Roma Foro Italico,,,,,,,,,,,,,,,,,,,,,,,,,
Roma La Sapienza,,,,,,,,79.4 - 83.6,,,,,63.2 - 67.8,,,69.5 - 74.8,,68.7 - 76.3,,,,,,,86.7 - 91.8
Roma Tor Vergata,,,,,,,,,,,,,,,,,,,,,,,,,
Roma Tre,"6382,5",860,1300,1325,460,"1187,5",1250,,,,,,,,,,,,,,,,,,
Salento,,,,,,,,,,,,,,,,,,,,,,,,,
Salerno,"7787,5",900,1575,1775,"762,5",1275,1500,,,,,,,,,,,,,,,,,,
Sannio,,,,,,,,,,,,,,,,,,,,,,,,,
Sassari,,,,,,,,,,,,,,,,,,,,,,,,,
Siena,,,,,,,,,,,,,,,,,,,,,,,,,
Siena Stranieri,,,,,,,,,,,,,,,,,,,,,,,,,
Teramo,,,,,,,,,,,,,,,,,,,,,,,,,
Torino,"9337,5",1200,2000,1800,950,1650,"1737,5",65.6 - 70.2,,,70.7 - 76.9,,,,,,,68.7 - 76.3,,,,,55.1 - 64.4,68.1 - 75.8,70.0 - 77.3
Torino Politecnico,"9267,5",1030,1975,1750,"962,5",1750,1800,,,,,,,,,,,,,,,,,,
Trento,,,,,,,,,,,,,,,,,,,,,,,,,
Trieste,,,,,,,,,,,,,,,,,,,,,,,,,
Tuscia,8100,1250,1575,1400,700,"1412,5","1762,5",65.6 - 70.2,,,,,49.9 - 56.0,41.7 - 51.3,37.8 - 45.6,,,68.7 - 76.3,,,29.7 - 39.3,,48.5 - 54.9,,44.8 - 58.0
Udine,,,,,,,,,,,,,,,,,,,,,,,,,
Urbino,"7857,5",910,1875,1600,735,1375,"1362,5",,,,,,,,,,,,,,,,,,
Venezia Cà Foscari,,,,,,,,,,,,,,,,,,,,,,,,,
Venezia Iuav,5530,645,1225,700,725,1010,1225,,,,,,,,,,,,,,,,,,
Verona,,,,,,,,70.3 - 76.1,,,70.7 - 76.9,56.3 - 61.8,63.2 - 67.8,,,,70.8 - 80.5,68.7 - 76.3,,,,,,,77.4 - 81.7